web_url,snippet,source,keywords,pub_date,word_count,headline.main,headline.kicker,headline.content_kicker,headline.print_headline,headline.name,headline.seo,headline.sub,byline.original,byline.organization,title,adult,backdrop_path,belongs_to_collection,budget,genres,homepage,id,imdb_id,origin_country,original_language,original_title,overview,popularity,poster_path,production_companies,production_countries,release_date,revenue,runtime,spoken_languages,status,tagline,video,vote_average,vote_count
https://www.nytimes.com/2023/05/25/movies/the-attachment-diaries-review.html,"A gynecologist and her patient form a horrifyingly twisted connection in this batty, bloody Argentine melodrama.",The New York Times,"subject: Movies;creative_works: The Attachment Diaries (Movie);persons: Diment, Valentin Javier;",2023-05-25T11:00:03+0000,295,"‘The Attachment Diaries’ Review: Love, Sick",,,The Attachment Diaries,,,,By Jeannette Catsoulis,,The Attachment Diaries,False,,,0,"['Drama', 'Mystery', 'Thriller', 'Horror']",,743040,tt11359158,['ES'],es,El apego,"Argentina, 1970s. A desperate young woman goes to a clinic to have a clandestine abortion. As her pregnancy is already through the fourth month, the doctor refuses. Instead, she proposes to sell the baby to one of her clients and offers to provide shelter in her house until the child is born. Their disturbed personalities will become intertwined in a strange and dangerous relationship.",3.29,/hKZHk6I1p58ZeXbwjQok7DSWfZ.jpg,[],Argentina,2021-10-07,0,102,Spanish,Released,,False,3.0,4
https://www.nytimes.com/2023/05/04/movies/you-can-live-forever-review.html,Religion comes between two girls falling in love in the 1990s in this sweet coming-of-age film bathed in grunge hues.,The New York Times,"subject: Movies;creative_works: You Can Live Forever (Movie);persons: Slutsky, Mark;persons: Watts, Sarah (Film Director);persons: O'Driscoll, Anwen;persons: Laporte, June (Actor);",2023-05-04T11:00:08+0000,294,‘You Can Live Forever’ Review: Do You Love Me Now?,,,You Can Live Forever,,,,By Elisabeth Vincentelli,,You Can Live Forever,False,/sClvKM8C6a1DSPzMwkKjk8pNFDx.jpg,,0,"['Drama', 'Romance']",https://gooddeedentertainment.com/you-can-live-forever/,887580,tt15782570,['CA'],en,You Can Live Forever,"When Jaime, a gay teenager, is sent to live in a community of Jehovah's Witnesses in small-town Quebec, she falls madly in love with a devout Witness girl. The two embark on an intense affair with consequences that will reshape the rest of their lives.",36.62,/10MJURrsPfDQmS2AP3fueOHJ0ch.jpg,"[{'id': 63971, 'logo_path': '/9U4LhiybfyhDPpzim20IIvBnC5l.png', 'name': 'Prospector Films', 'origin_country': 'CA'}, {'id': 49937, 'logo_path': '/j14jwTsJj6ok9IkUFewX7acufKu.png', 'name': 'Good Deed Entertainment', 'origin_country': 'US'}]","Canada, United States of America",2023-03-24,15055,96,"English, French",Released,,False,6.7,33
https://www.nytimes.com/2023/04/13/movies/one-true-loves-movie-review.html,"A film adaptation of Taylor Jenkins Reid’s novel has potential for drama, but it stumbles on stock melodrama.",The New York Times,"subject: Movies;persons: Bracey, Luke (1989- );persons: Liu, Simu;persons: Reid, Taylor Jenkins;persons: Soo, Phillipa;persons: Fickman, Andy;creative_works: One True Loves (Movie);",2023-04-13T11:00:06+0000,320,‘One True Loves’ Review: A Romance Lost at Sea,,,One True Loves,,,,By Brandon Yu,,One True Loves,False,/omkxkjj0IEhzOc9CBOwK2lrmHSk.jpg,,0,"['Romance', 'Drama', 'Comedy']",,846961,tt14770620,['US'],en,One True Loves,"Emma and Jesse are living the perfect life together, until Jesse disappears in a tragic helicopter crash on their first wedding anniversary. Four years later, Emma has found happiness again and is about to marry her best friend when Jesse resurfaces, turning her world upside down and leaving her torn between two great loves.",20.676,/6MF3JvIZkluUijw9rvDKNqPT8kC.jpg,"[{'id': 168294, 'logo_path': '/hO9hMQIAUvSEVJHBUdtrsXWfoRu.png', 'name': 'Volition Media Partners', 'origin_country': 'US'}, {'id': 147011, 'logo_path': None, 'name': 'Gosdom Entertainment', 'origin_country': 'US'}, {'id': 2623, 'logo_path': '/7Bkm1yUF0y8x6jw8dHRfzS3B6dq.png', 'name': 'Blue Rider Pictures', 'origin_country': 'US'}, {'id': 179981, 'logo_path': '/vbI6QgAC9s3BilQ5Oa7juyrf59N.png', 'name': 'Thomasville Pictures', 'origin_country': 'US'}, {'id': 170420, 'logo_path': '/83zMnR0m7rNOF4C1nXEPv8LCSkL.png', 'name': 'SquareOne Productions', 'origin_country': 'DE'}, {'id': 5698, 'logo_path': '/meGyUgXybl2X0uJlnvaAWSwVZvt.png', 'name': 'Oops Doughnuts Productions', 'origin_country': 'US'}, {'id': 193458, 'logo_path': None, 'name': 'Storybook Entertainment', 'origin_country': 'US'}, {'id': 80626, 'logo_path': '/zdRndNKHm4pULpG5Lg7m0NaRBdh.png', 'name': 'El Ride Productions', 'origin_country': 'US'}, {'id': 193459, 'logo_path': None, 'name': 'I Think Productions', 'origin_country': ''}, {'id': 117761, 'logo_path': '/4Aa24Ase2LR6wesRolVQ0vinI8T.png', 'name': 'Streamline Global', 'origin_country': 'US'}, {'id': 76991, 'logo_path': '/pQjdvbv4y9yuIDSHDEHc9ijJKaS.png', 'name': 'Highland Film Group', 'origin_country': 'US'}, {'id': 194918, 'logo_path': '/pzsC9ZzbRjHaBES0GH8n2dgtCZk.png', 'name': 'R.U. Robot Studios', 'origin_country': 'CZ'}, {'id': 125401, 'logo_path': '/zqK2m6vgqAOVyKCGWHkEpqf3GeE.png', 'name': 'BuzzFeed Studios', 'origin_country': 'US'}, {'id': 185127, 'logo_path': '/lD5UjvX5MsbIwbZJvdC5aee1nwm.png', 'name': 'The Avenue Entertainment', 'origin_country': 'US'}, {'id': 220809, 'logo_path': None, 'name': 'Yogurt Time Pictures', 'origin_country': ''}]","Czech Republic, United States of America",2023-04-07,37820,100,"English, Spanish",Released,First love meets new love.,False,6.406,69
https://www.nytimes.com/2023/04/13/movies/the-lost-weekend-a-love-story-review.html,"There’s not much Lennon music heard in this doc about his affair with May Pang, and given how much Pang trashes his wife, Yoko Ono, it’s no surprise it was withheld.",The New York Times,"subject: Documentary Films and Programs;creative_works: The Lost Weekend: A Love Story (Movie);persons: Pang, May;persons: Lennon, John;persons: Ono, Yoko;persons: Brandstein, Eve;persons: Kaufman, Richard S (Filmmaker);persons: Samuels, Stuart (Filmmaker);subject: Content Type: Personal Profile;subject: Pop and Rock Music;",2023-04-13T11:00:03+0000,327,‘The Lost Weekend: A Love Story’ Review: When John Lennon Strayed,,,The Lost Weekend:  A Love Story,,,,By Glenn Kenny,,The Lost Weekend: A Love Story,False,/uTEvYDLrhrtW57ntM3EbRpgmlZm.jpg,,0,['Documentary'],https://thelostweekendmovie.com/,965042,tt19812518,['US'],en,The Lost Weekend: A Love Story,"May Pang lovingly recounts her life in rock & roll and the whirlwind 18 months spent as friend, lover, and confidante to one of the towering figures of popular culture, John Lennon, in this funny, touching, and vibrant portrait of first love.",5.456,/qlbOj1G3YtIDUGSzu1Y590EfSMY.jpg,[],United States of America,2023-04-13,77145,95,English,Released,John Lennon and May Pang shared a weekend that lasted 18 months and a love story that took 50 years to tell.,False,6.0,2
https://www.nytimes.com/2023/03/30/movies/a-thousand-and-one-review.html,"A mesmerizing Teyana Taylor stars in A.V. Rockwell’s feature directing debut, about motherhood and survival in a fast-changing city.",The New York Times,"subject: Movies;creative_works: A Thousand and One (Movie);persons: Rockwell, AV (Film Director);persons: Taylor, Teyana (1990- );",2023-03-30T18:53:42+0000,971,‘A Thousand and One’ Review: A New York Love Story,Critic’s Pick,,An Unbending Will Meets a Shifting City,,,,By Manohla Dargis,,A Thousand and One,False,/7NTGZTzqWHgBJeoNaWsAxvHtRy4.jpg,,0,"['Drama', 'Crime']",https://www.focusfeatures.com/a-thousand-and-one/,855263,tt12427158,['US'],en,A Thousand and One,"Struggling but unapologetically living on her own terms, Inez is moving from shelter to shelter in mid-1990s New York City. With her 6-year-old son Terry in foster care and unable to leave him again, she kidnaps him so they can build their life together. As the years go by, their family grows and Terry becomes a smart yet quiet teenager, but the secret that has defined their lives threatens to destroy the home they have so improbably built.",13.357,/yW97MlBddOeiw17zUSf2iWvOmkr.jpg,"[{'id': 99963, 'logo_path': '/wi5JP4jpVBeb9qK97nhICkMurNZ.png', 'name': 'Sight Unseen Pictures', 'origin_country': 'US'}, {'id': 106839, 'logo_path': '/uUIoRabgmUH5VYSXs02bgjO92no.png', 'name': 'Makeready', 'origin_country': 'US'}, {'id': 101758, 'logo_path': '/l5i9Dny0bZhb5RibclPAogdlJ1.png', 'name': 'Hillman Grad Productions', 'origin_country': 'US'}]",United States of America,2023-03-31,3395595,116,"English, Portuguese, Spanish",Released,Times change. Love stays the same.,False,6.905,84
https://www.nytimes.com/2023/02/09/movies/your-place-or-mine-review.html,This humdrum Netflix romantic comedy features Reese Witherspoon and Ashton Kutcher as longtime friends with possibly hidden feelings for each other.,The New York Times,"subject: Movies;creative_works: Your Place or Mine (Movie);persons: Witherspoon, Reese;persons: Kutcher, Ashton;persons: McKenna, Aline Brosh;",2023-02-10T00:00:05+0000,569,‘Your Place or Mine’ Review: Try Neither,,,They Have a Humdrum Kind of Love,,,,By Amy Nicholson,,Your Place or Mine,False,/u6HeK9nl6p2MAKSxHF613LOhuFM.jpg,,0,"['Romance', 'Comedy']",https://www.netflix.com/title/81045831,703451,tt12823454,['US'],en,Your Place or Mine,"When best friends and total opposites Debbie and Peter swap homes for a week, they get a peek into each other's lives that could open the door to love.",20.326,/3oFfY1HpzJDlRzKSCBF2sA5mb9U.jpg,"[{'id': 105382, 'logo_path': '/b94sYzp4YUqi3DqIUnWnfrmxlN.png', 'name': 'Hello Sunshine', 'origin_country': 'US'}, {'id': 37361, 'logo_path': '/xpbUNXnrMeEK1ynbqVnHp8ZOVKW.png', 'name': 'Aggregate Films', 'origin_country': 'US'}, {'id': 133810, 'logo_path': None, 'name': 'Lean Machine', 'origin_country': ''}]",United States of America,2023-02-10,0,109,English,Released,Two lives. Two cities. One last chance.,False,6.275,696
https://www.nytimes.com/2023/02/02/movies/love-in-the-time-of-fentanyl-review.html,"To combat the overdose crisis, a group that includes former and current users open a safe consumption site where shooting up does not have to mean death.",The New York Times,"subject: Documentary Films and Programs;subject: Fentanyl;subject: Drug Abuse and Traffic;subject: Volunteers and Community Service;creative_works: Love in the Time of Fentanyl (Movie);persons: Askey, Colin;glocations: Vancouver (British Columbia);organizations: Overdose Prevention Society;",2023-02-02T12:00:11+0000,306,"‘Love in the Time of Fentanyl’ Review: Heartbreak, Death and Hope in Vancouver",,,Love in the Time Of Fentanyl,,,,By Concepción de León,,Love in the Time of Fentanyl,False,/lE8xquVrAf5UiUA8pzBxxdp2vPH.jpg,,0,['Documentary'],,976653,tt20236978,['CA'],en,Love in the Time of Fentanyl,An intimate portrait of a community fighting to save lives and keep hope alive in a neighborhood ravaged by the overdose crisis.,1.299,/rSAhu53e2WgHZZX2oiXnzxr3Q09.jpg,"[{'id': 10943, 'logo_path': '/9jd9RFYraPpPCz7rpqp5KhrwfAH.png', 'name': 'ITVS', 'origin_country': 'US'}, {'id': 84895, 'logo_path': None, 'name': 'Lost Time Media', 'origin_country': ''}]","Canada, United States of America",2023-02-03,0,85,English,Released,,False,0.0,0
https://www.nytimes.com/2023/01/19/movies/after-love-review.html,"In this intelligent melodrama by the director Aleem Khan, a British woman discovers her husband has been leading a double life.",The New York Times,"subject: Movies;creative_works: After Love (2020) (Movie);persons: Khan, Aleem;persons: Scanlan, Joanna (1961- );",2023-01-19T12:00:06+0000,359,‘After Love’ Review: The Other Woman,Critic’s Pick,,After Love,,,,By Beatrice Loayza,,After Love,False,/xgxdY4puoffYlCrfSumQt9xULFR.jpg,,0,['Drama'],,714011,tt10692788,['GB'],en,After Love,"Set in the port town of Dover in the South-East of England, Mary Hussain suddenly finds herself a widow following the unexpected death of her husband. A day after the burial, she discovers he has a secret just twenty-one miles across the English Channel in Calais.",11.1,/mXaNg69iWEs0Qsj4AJxcvCXuWKw.jpg,"[{'id': 10441, 'logo_path': '/aTEwjHN8l51ix2YcTxxzR92WaXy.png', 'name': 'The Bureau', 'origin_country': 'GB'}, {'id': 288, 'logo_path': '/aW0IpM9d4Zjj978EqgDVSxXXhTj.png', 'name': 'BBC Film', 'origin_country': 'GB'}, {'id': 7281, 'logo_path': '/lkqIuaKTm2sg3umwTBScmqyzLX5.png', 'name': 'BFI', 'origin_country': 'GB'}]",United Kingdom,2021-06-04,0,89,"English, Arabic, French, Urdu",Released,,False,7.155,116
https://www.nytimes.com/2023/01/19/movies/after-love-review.html,"In this intelligent melodrama by the director Aleem Khan, a British woman discovers her husband has been leading a double life.",The New York Times,"subject: Movies;creative_works: After Love (2020) (Movie);persons: Khan, Aleem;persons: Scanlan, Joanna (1961- );",2023-01-19T12:00:06+0000,359,‘After Love’ Review: The Other Woman,Critic’s Pick,,After Love,,,,By Beatrice Loayza,,After Love,False,/8NJhybNBFswAIbUFUy7fZcfh8QM.jpg,,0,['Drama'],,377278,tt4746484,"['BE', 'FR']",fr,L'économie du couple,Marie and Boris decide to get a divorce after 15 years of marriage. Tensions rise when cash-strapped Boris must continue to live with Marie and the two children while trying to figure out how to divide the assets.,11.229,/98Q38iZx8eHZLVuyFMF7dPMvyzJ.jpg,"[{'id': 3040, 'logo_path': None, 'name': 'Versus Production', 'origin_country': 'BE'}, {'id': 7395, 'logo_path': '/cGOGYYfbJZ1uJHynRIf8yj4phRn.png', 'name': 'Les films du Worso', 'origin_country': 'FR'}]","Belgium, France",2016-06-08,0,98,French,Released,,False,6.1,115
https://www.nytimes.com/2023/01/19/movies/after-love-review.html,"In this intelligent melodrama by the director Aleem Khan, a British woman discovers her husband has been leading a double life.",The New York Times,"subject: Movies;creative_works: After Love (2020) (Movie);persons: Khan, Aleem;persons: Scanlan, Joanna (1961- );",2023-01-19T12:00:06+0000,359,‘After Love’ Review: The Other Woman,Critic’s Pick,,After Love,,,,By Beatrice Loayza,,After Love,False,/fhPrORpoeqxBUiO5s6KlF2DOlsq.jpg,,0,"['Drama', 'Romance']",,647162,tt5468386,['KR'],ko,사랑후애,"Kim Sung-Joon (Park Si-Hoo) worked as a pilot, but after becoming in deaf in his right ear he has worked on the ground. He becomes desperate. Kim Sung-Joon then meets Eun-Hong (Yoon Eun-Hye) on a blind date. Even though he doesn't love her, he gets married to Eun-Hong. After their marriage, Sung-Joon treats Eun-Hong with indifference. Suddenly, Eun-Hong dies. Kim Sung-Joon soon learns for the first time about her real heart and her first love. Holding Eun-Hong's urn, he seeks out her first love.",30.747,/bx485pM8E9zcmlCDE9AWhmJt7XV.jpg,"[{'id': 20250, 'logo_path': None, 'name': 'Mountain Pictures', 'origin_country': 'KR'}, {'id': 125161, 'logo_path': None, 'name': 'Lian Entertainment', 'origin_country': ''}, {'id': 84512, 'logo_path': None, 'name': 'Momentum Entertainment', 'origin_country': 'KR'}]","South Korea, China",2016-05-14,0,107,Korean,Released,,False,0.0,0
https://www.nytimes.com/2023/01/19/movies/after-love-review.html,"In this intelligent melodrama by the director Aleem Khan, a British woman discovers her husband has been leading a double life.",The New York Times,"subject: Movies;creative_works: After Love (2020) (Movie);persons: Khan, Aleem;persons: Scanlan, Joanna (1961- );",2023-01-19T12:00:06+0000,359,‘After Love’ Review: The Other Woman,Critic’s Pick,,After Love,,,,By Beatrice Loayza,,After Love,False,,,0,"['Drama', 'Romance']",http://www.after-love.net/,346133,tt3871804,"['DE', 'AT']",de,Die blauen Stunden,"A cinematic menage-a-trois between a photographer, a rentboy and a transsexual call girl.",1.472,/gCSuX7EkWqyzkiX6ioMYr0AplUA.jpg,[],Austria,2015-01-01,0,72,,Released,,False,2.0,1
https://www.nytimes.com/2023/01/19/movies/after-love-review.html,"In this intelligent melodrama by the director Aleem Khan, a British woman discovers her husband has been leading a double life.",The New York Times,"subject: Movies;creative_works: After Love (2020) (Movie);persons: Khan, Aleem;persons: Scanlan, Joanna (1961- );",2023-01-19T12:00:06+0000,359,‘After Love’ Review: The Other Woman,Critic’s Pick,,After Love,,,,By Beatrice Loayza,,After Love,False,,,0,['Drama'],,514404,tt0167000,['FR'],fr,Après l'amour,"Betrayed by his wife, a teacher proceeds to have an affair with a young and pretty student. The two women both find themselves expecting a child. The girl dies during childbirth. In a spirit of revenge and to keep his real son, the scorned husband exchanges the babies.",1.593,/bTs4rdTmVHtDKl0hlgQawo0OWZf.jpg,[],France,1948-01-22,0,95,French,Released,,False,4.5,1
https://www.nytimes.com/2023/01/05/movies/alcarras-review.html,"In this naturalistic drama from Spain, a family confronts the impending loss of its generations-old farm.",The New York Times,"subject: Movies;persons: Simon, Carla;creative_works: Alcarras (Movie);",2023-01-05T12:00:03+0000,306,‘Alcarràs’ Review: Labor of Love,,,Alcarràs,,,,By Devika Girish,,Alcarràs,False,/5sl6GEHjvo0V2lGYlcCghTkUUzK.jpg,,0,['Drama'],https://www.alcarras-film.com/,804251,tt11930126,"['IT', 'ES']",ca,Alcarràs,"In a small village in Catalonia, the peach farmers of the Solé family spend every summer together picking fruit from their orchard. But when plans arise to install solar panels and cut down trees, the members of this tight-knit group suddenly face eviction – and the loss of far more than their home.",15.722,/sbFVJZAvd7a7n2aHEUtOyrQtAKo.jpg,"[{'id': 26174, 'logo_path': '/zXj7grtt7yW8pcaSZM0Wfefy634.png', 'name': 'Avalon', 'origin_country': 'ES'}, {'id': 118930, 'logo_path': '/lRBrUE7HoGl1BzPLmLIbnBIYbi3.png', 'name': 'Vilaüt Films', 'origin_country': 'ES'}, {'id': 94506, 'logo_path': '/pSTfyFTD439qICCIoycPg3LvVAU.png', 'name': 'Kino Produzioni', 'origin_country': 'IT'}]",Spain,2022-04-29,0,120,Catalan,Released,"For every family, there is a season.",False,6.867,173
https://www.nytimes.com/2022/12/15/movies/nelly-and-nadine-review.html,A family archive provides intimate records of a love affair that began between two women imprisoned in the Ravensbrück concentration camp.,The New York Times,"subject: Documentary Films and Programs;persons: Gertten, Magnus;creative_works: Nelly & Nadine (Movie);subject: Content Type: Personal Profile;subject: Holocaust and the Nazi Era;subject: World War II (1939-45);subject: Women and Girls;subject: Homosexuality and Bisexuality;",2022-12-15T12:00:04+0000,308,"‘Nelly & Nadine’ Review: An Unlikely Love, an Unlikely Record",,,Nelly &amp; Nadine,,,,By Teo Bugbee,,Nelly & Nadine,False,/iOACR0rQdakdf4txH4M22n4BwcG.jpg,,0,['Documentary'],https://www.autoimages.se/nelly_nadine,916437,tt17074508,['SE'],sv,Nelly och Nadine,"Nelly and Nadine meet in Ravensbrück concentration camp. They spend the rest of their lives together. Decades later, Nelly’s granddaughter goes in search of clues. A poignant film about a love story and the need for individual and collective remembrance.",1.295,/3AufhG0Lej87784i3m1w97jnGCl.jpg,"[{'id': 101464, 'logo_path': None, 'name': 'Auto Images AB', 'origin_country': ''}, {'id': 56959, 'logo_path': None, 'name': 'Associate Directors', 'origin_country': 'BE'}, {'id': 101445, 'logo_path': '/fmuOeyRA1MmtZHksuKeARURHcqF.png', 'name': 'UpNorth Film', 'origin_country': 'NO'}, {'id': 2999, 'logo_path': '/zGSqFee9aDgDuLD6vcs2mcJUem4.png', 'name': 'SVT', 'origin_country': 'SE'}, {'id': 12025, 'logo_path': '/sLVmKLJ2E0KSsfKiIYDjo4v6Y5l.png', 'name': 'VRT', 'origin_country': 'BE'}, {'id': 6508, 'logo_path': None, 'name': 'Canvas Production', 'origin_country': ''}, {'id': 792, 'logo_path': '/cRhBQP1FFNugNxKkO1pUgeD2Rkr.png', 'name': 'RTBF', 'origin_country': 'BE'}, {'id': 12477, 'logo_path': '/tuREvnCzrM5sNXyrKRFCyB1gHF8.png', 'name': 'Film i Skåne', 'origin_country': 'SE'}]","Belgium, Norway, Sweden",2024-06-05,0,92,"English, Spanish, French, Swedish",Released,One of the greatest love stories never told.,False,0.0,0
https://www.nytimes.com/2022/11/23/movies/sound-of-christmas-review.html,A young singer gets more than she bargained for when she accepts a job as a nanny for a billionaire’s children.,The New York Times,"subject: Movies;persons: Ne-Yo;creative_works: The Sound of Christmas (Movie);persons: Mattison, Booker T;persons: McNeill, Serayah;",2022-11-23T15:00:09+0000,277,‘The Sound of Christmas’ Review: A Gospel Singer Finds Love,,,The Sound  Of Christmas,,,,By Concepción de León,,The Sound of Christmas,False,,,0,"['TV Movie', 'Drama']",,1035923,tt18949684,['US'],en,The Sound of Christmas,A woman facing eviction just before Christmas who must navigate budding romantic feelings for a handsome billionaire when she takes a job nannying for his two children right before Christmas.,1.789,/1Ci8MMMIFzUlDhVWKpzlBQacMLu.jpg,"[{'id': 120832, 'logo_path': None, 'name': 'Megamind Media', 'origin_country': ''}]",United States of America,2022-11-24,0,0,English,Released,,False,8.0,4
https://www.nytimes.com/2022/11/17/movies/the-inspection-review-boot-camp-a-love-story.html,"Elegance Bratton’s autobiographical first feature is a lyrical, wrenching look at a young Marine’s journey through basic training.",The New York Times,"subject: Movies;creative_works: The Inspection (Movie);persons: Bratton, Elegance;",2022-11-17T12:00:07+0000,836,"‘The Inspection’ Review: Boot Camp, a Love Story",critic’s pick,,"A Few Good Men, Some With Secrets",,,,By A.O. Scott,,The Inspection,False,/lLaeFLQNsZ11zG3LTSczD3YNLad.jpg,,0,['Drama'],https://a24films.com/films/inspection,837938,tt13495458,['US'],en,The Inspection,"Ellis French is a young, gay Black man, rejected by his mother and with few options for his future, decides to join the Marines, doing whatever it takes to succeed in a system that would cast him aside. But even as he battles deep-seated prejudice and the grueling routines of basic training, he finds unexpected camaraderie, strength, and support in this new community, giving him a hard-earned sense of belonging that will shape his identity and forever change his life.",19.042,/pvx7TwLXVDKD4jbDeAQ7w459zIY.jpg,"[{'id': 158453, 'logo_path': None, 'name': 'Freedom Principle', 'origin_country': ''}, {'id': 35562, 'logo_path': '/wE4mjcC6MWffVY5Xo2Lpjt3wyAF.png', 'name': 'Gamechanger Films', 'origin_country': 'US'}, {'id': 41077, 'logo_path': '/1ZXsGaFPgrgS6ZZGS37AqD5uU12.png', 'name': 'A24', 'origin_country': 'US'}]",United States of America,2022-11-18,270613,95,"Arabic, Spanish, English",Released,,False,6.1,53
https://www.nytimes.com/2022/11/17/movies/the-inspection-review-boot-camp-a-love-story.html,"Elegance Bratton’s autobiographical first feature is a lyrical, wrenching look at a young Marine’s journey through basic training.",The New York Times,"subject: Movies;creative_works: The Inspection (Movie);persons: Bratton, Elegance;",2022-11-17T12:00:07+0000,836,"‘The Inspection’ Review: Boot Camp, a Love Story",critic’s pick,,"A Few Good Men, Some With Secrets",,,,By A.O. Scott,,The Inspection,False,/jV8odkNFO12JBt8V3t33B0HvamW.jpg,,0,['Drama'],,877282,tt14791214,['FR'],fr,L'inspection,"The Inspection is a mighty film without (luckily) any morality in the end — it is a story about what can and what cannot be told to children. A school teacher receives a visit from an educational inspector, who is trying to coherently react to the parents’ complaints. It turns out she spends too much time telling children about the horrible events of the 20th century, in particular about the Holocaust — all in contradiction to the logically drawn school curriculum. She is deeply convinced that while one cannot talk too much about the genocide of the European Jews, it is way too easy not to say enough, not to warn and not to explain.",4.344,/56QbRfTfh8QplmBseODyJXSSgPh.jpg,"[{'id': 129950, 'logo_path': '/q99i0HTouIYYnsMbQ9mEMzVBkMn.png', 'name': 'Gogogo Films', 'origin_country': 'FR'}]",France,2021-09-03,0,16,French,Released,,False,7.0,2
https://www.nytimes.com/2022/11/17/movies/bones-and-all-review.html,Luca Guadagnino’s latest stars Timothée Chalamet and Taylor Russell as young cannibals on the run.,The New York Times,"subject: Movies;creative_works: Bones and All (Movie);persons: Guadagnino, Luca;persons: Chalamet, Timothee (1995- );persons: Russell, Taylor (1994- );",2022-11-17T12:00:06+0000,710,‘Bones and All’ Review: You Eat What You Are,,,"It’s Eat, Prey, Love on a Journey of Self-Discovery",,,,By A.O. Scott,,Bones and All,False,/atmII0hn3iQe3IWMBmIb3cc8EJZ.jpg,,18000000,"['Drama', 'Horror', 'Romance']",https://www.bonesandallfilm.net/,791177,tt10168670,['US'],it,Bones and All,"Abandoned by her father, a young woman embarks on a thousand-mile odyssey through the backroads of America where she meets a disenfranchised drifter. But despite their best efforts, all roads lead back to their terrifying pasts and to a final stand that will determine whether their love can survive their otherness.",31.184,/ayfr4iL0jVV9mquN7SKvjOidvRH.jpg,"[{'id': 46344, 'logo_path': '/qpSdIjnGHiz6UNIQWGIJkDnG79l.png', 'name': 'Frenesy Film', 'origin_country': 'IT'}, {'id': 153090, 'logo_path': '/thNzM8AJpIKaQvpZRMYuXVYrYe0.png', 'name': 'Per Capita Productions', 'origin_country': 'US'}, {'id': 64061, 'logo_path': None, 'name': 'MeMo Films', 'origin_country': 'IT'}, {'id': 128344, 'logo_path': '/zNBa6RAZ5TKWZUEhxx6sxc9tdrr.png', 'name': 'The Apartment Pictures', 'origin_country': 'IT'}, {'id': 118025, 'logo_path': '/47UYD8fQHJ4ueenwibNNWGKIR4j.png', 'name': '3 Marys Entertainment', 'origin_country': 'IT'}, {'id': 162193, 'logo_path': '/y4CLYoDR0N6cbSZ9bae0hhhtMaU.png', 'name': 'Tenderstories', 'origin_country': 'IT'}, {'id': 181743, 'logo_path': None, 'name': 'Elafilm', 'origin_country': 'IT'}]","Italy, United States of America",2022-11-18,15100000,131,English,Released,,False,7.077,1213
https://www.nytimes.com/2022/10/20/movies/my-policeman-review.html,"A schoolteacher, her police officer husband and his lover deny each other romantic satisfaction in this dismal melodrama.",The New York Times,"subject: Movies;creative_works: My Policeman (Movie);persons: Grandage, Michael;",2022-10-20T16:52:51+0000,303,"‘My Policeman’ Review: Two Love Affairs, Equally Tragic",,,My Policeman,,,,By Teo Bugbee,,My Policeman,False,/s5MLcxbdFqvIzTLNLU5yQFFYALR.jpg,,0,"['Drama', 'Romance']",https://www.amazon.com/dp/B09Y8SHDPD,744114,tt13139228,"['US', 'GB']",en,My Policeman,"In the late 1990s, the arrival of elderly invalid Patrick into Marion and Tom’s home triggers the exploration of seismic events from 40 years previous: the passionate relationship between Tom and Patrick at a time when homosexuality was illegal.",22.461,/wdbiMjXd4CxPfCx4r4Jfy8cGec0.jpg,"[{'id': 20580, 'logo_path': '/oRR9EXVoKP9szDkVKlze5HVJS7g.png', 'name': 'Amazon Studios', 'origin_country': 'US'}, {'id': 27711, 'logo_path': '/3e294jszfE6cE8TOogmj0zNd6pL.png', 'name': 'Berlanti Productions', 'origin_country': 'US'}, {'id': 10583, 'logo_path': None, 'name': 'Independent', 'origin_country': 'GB'}]","United Kingdom, United States of America",2022-10-20,0,113,English,Released,Let it take hold of you.,False,7.731,635
https://www.nytimes.com/2022/09/08/movies/about-fate-review.html,"Thomas Mann’s beguiling performance drives this Emma Roberts vehicle, but the romantic comedy creaks under the weight of its coincidences.",The New York Times,"subject: Movies;creative_works: About Fate (Movie);persons: Vaysberg, Marius;persons: Mann, Thomas (1991- );persons: Roberts, Emma (1991- );",2022-09-09T01:00:03+0000,289,‘About Fate’ Review: Love the One You’re With?,,,About Fate,,,,By Lisa Kennedy,,About Fate,False,/30COvn7g7PP58wBkrnnh7Ws9bJS.jpg,,0,"['Romance', 'Comedy']",,828613,tt14456350,['US'],en,About Fate,"Two strangers believe in love but never seem to be able to find its true meaning. In a wild twist of events, fate puts each in the other's path on one stormy New Year's Eve.",28.987,/fabZkaVHYJ67KbZx7oFoitauX34.jpg,"[{'id': 11006, 'logo_path': None, 'name': 'Aldamisa Entertainment', 'origin_country': 'US'}, {'id': 188745, 'logo_path': '/iun7EGDo1Z8UkJigWhsLyO7ffF5.png', 'name': 'American International Pictures', 'origin_country': 'US'}, {'id': 188746, 'logo_path': None, 'name': 'Contentious Media', 'origin_country': 'US'}, {'id': 17929, 'logo_path': None, 'name': 'Vincent Newman Entertainment', 'origin_country': 'US'}]",United States of America,2022-09-08,0,100,English,Released,Love appears where you least expect it.,False,7.48,357
https://www.nytimes.com/2022/09/01/movies/waiting-for-bojangles-review-endless-love.html,"Set in Paris in the 1960s, the film tells the story of two irrepressible lovers, and their young son, whose tale turns tragic.",The New York Times,"subject: Movies;persons: Bourdeaut, Olivier;creative_works: Waiting for Bojangles (Movie);persons: Roinsard, Regis;",2022-09-01T11:00:06+0000,267,‘Waiting for Bojangles’ Review: Endless Love,,,Waiting for Bojangles,,,,By Calum Marsh,,Waiting for Bojangles,False,/llLshdSbq59LRj6PznwfR8quTkO.jpg,,0,"['Drama', 'Comedy', 'Romance']",,851303,tt11310608,['FR'],fr,En attendant Bojangles,"A boy and his eccentric parents leave their home in Paris for a country house in Spain. As the mother descends deeper into her own mind, it's up to the boy and his father to keep her safe and happy.",15.386,/i7zWGYTXPN0KgcbuTnIEV3qGpEC.jpg,"[{'id': 77552, 'logo_path': '/3aeDaei9tONEGMvWm7W2TKxa1er.png', 'name': 'Curiosa Films', 'origin_country': 'FR'}, {'id': 26568, 'logo_path': None, 'name': 'JPG Films', 'origin_country': 'FR'}, {'id': 83, 'logo_path': '/9OQ0rm55xtlgX7KcAKMUePJSrQc.png', 'name': 'France 2 Cinéma', 'origin_country': 'FR'}, {'id': 15433, 'logo_path': '/9nnaDAbuHwbikxAV1t1BC2Z60GC.png', 'name': 'Orange Studio', 'origin_country': 'FR'}, {'id': 694, 'logo_path': '/5LEHONGkZBIoWvp1ygHOF8iyi1M.png', 'name': 'StudioCanal', 'origin_country': 'FR'}, {'id': 19037, 'logo_path': '/tceh2aAORA5JxIZSLQ1GkzTBZDL.png', 'name': 'uMedia', 'origin_country': 'BE'}, {'id': 178889, 'logo_path': None, 'name': 'Umedia', 'origin_country': ''}]","France, United States of America",2021-10-13,0,124,"English, French, Spanish",Released,,False,7.4,298
https://www.nytimes.com/2022/08/04/movies/i-love-my-dad-review.html,This comedy is a daddy-issues movie with a queasy premise truly made for these times.,The New York Times,"subject: Movies;persons: Oswalt, Patton;creative_works: I Love My Dad (Movie);persons: Morosini, James;",2022-08-04T11:00:05+0000,418,‘I Love My Dad’ Review: A Father Catfishes His Son,,,A Father Catfishes His Son. We Just Wait for the Ick.,,,,By Glenn Kenny,,I Love My Dad,False,/3X4t5Zzbd05dG5xtehC3mI0qImX.jpg,,0,['Comedy'],http://www.magpictures.com/ilovemydad/,876825,tt14935966,['US'],en,I Love My Dad,A hopelessly estranged father catfishes his son in an attempt to reconnect.,10.693,/fTP28OF0SlRRyng0QX3ekzCPFgW.jpg,"[{'id': 141828, 'logo_path': '/x5YUWcJknvgnNXxX3jCmDxpB1YA.png', 'name': 'Atlas Industries', 'origin_country': 'US'}, {'id': 112397, 'logo_path': '/rFyhrN607SUIlQ7wyH8lQOemqz3.png', 'name': 'American High', 'origin_country': 'US'}, {'id': 18346, 'logo_path': '/wZT3JBshK7M7ChquboLlPyV9L0p.png', 'name': 'Burn Later Productions', 'origin_country': 'US'}, {'id': 180894, 'logo_path': '/zqhACjyF9HUAnpaB3Qav7b3Iw3x.png', 'name': 'Hantz Motion Pictures', 'origin_country': 'US'}]",United States of America,2022-08-05,0,90,English,Released,They've never been closer.,False,5.8,42
https://www.nytimes.com/2022/07/28/movies/a-love-song-review.html,Two former childhood friends rekindle their connection in this sweetly hopeful story of romantic longing.,The New York Times,"subject: Movies;creative_works: A Love Song (Movie);persons: Walker-Silverman, Max;persons: Dickey, Dale (Actor);persons: STUDI, WES;",2022-07-28T11:00:06+0000,395,‘A Love Song’ Review: When Moving Forward Means Looking Back,Critic’s Pick,,The Romantic Ache That Never Truly Dies,,,,By Jeannette Catsoulis,,A Love Song,False,/j7ynqTmnEZuqNXc0WqKvL7YNOSp.jpg,,0,"['Drama', 'Romance']",,913851,tt12691830,['US'],en,A Love Song,"Two childhood sweethearts, now both widowed, share a night by a lake in the mountains.",8.334,/qnAWBl1nQgNk3wvy0rcIWOiv9pU.jpg,"[{'id': 140543, 'logo_path': None, 'name': 'Cow Hip Films', 'origin_country': ''}, {'id': 169960, 'logo_path': '/mPfWxHoW3WB6RuUAZ0388HUUw3j.png', 'name': 'Fit Via Vi', 'origin_country': 'US'}, {'id': 173946, 'logo_path': '/As69t46gOyxtUzcQ3fdz5XAVzE2.png', 'name': 'MacPac Entertainment', 'origin_country': 'US'}, {'id': 173947, 'logo_path': None, 'name': 'Dead End Pictures', 'origin_country': ''}, {'id': 178768, 'logo_path': None, 'name': 'Fierce Optimism Films', 'origin_country': ''}, {'id': 207105, 'logo_path': None, 'name': 'Present Company', 'origin_country': 'US'}]",United States of America,2022-07-29,278562,81,"English, Spanish",Released,,False,6.9,34
https://www.nytimes.com/2022/07/28/movies/a-love-song-review.html,Two former childhood friends rekindle their connection in this sweetly hopeful story of romantic longing.,The New York Times,"subject: Movies;creative_works: A Love Song (Movie);persons: Walker-Silverman, Max;persons: Dickey, Dale (Actor);persons: STUDI, WES;",2022-07-28T11:00:06+0000,395,‘A Love Song’ Review: When Moving Forward Means Looking Back,Critic’s Pick,,The Romantic Ache That Never Truly Dies,,,,By Jeannette Catsoulis,,A Love Song,False,,,0,[],,1209146,,['PE'],es,A Love Song,"It is a transit between metaphorical territories intertwining the micro and the macro, the egg and Venus, where the erotic and love become a cosmic and sentimental journey. The axis is the female body, as a source of pleasure and life, the ungovernable universe, where the complementary male element surrounds it in an echo, which drifts into the void.  To make it, we used interpolated film with super 8 of Swedish erotica, videos and images from NASA of Venus and its transit over the sun, recorded in 2012 and illustrative videos of fertilization, ovulation and nesting",0.6,,[],,,0,4,Spanish,Released,,False,0.0,0
https://www.nytimes.com/2022/07/21/movies/alone-together-review.html,"Katie Holmes writes, directs and stars in this minor-key rom-com set in 2020.",The New York Times,"subject: Movies;persons: Holmes, Katie;creative_works: Alone Together (Movie);",2022-07-21T15:37:18+0000,254,‘Alone Together’ Review: Finding Love in a Pandemic Retreat,,,Alone Together,,,,By Teo Bugbee,,Alone Together,False,/q5UlBQWIM5CS5I4l2zlSuAIpaQ8.jpg,,0,"['Romance', 'Drama']",,826113,tt14584284,['US'],en,Alone Together,"Strangers June and Charlie wind up double-booked in the same upstate New York Airbnb during the start of COVID-19. Exasperating the situation, the lockdown forces them both to stay and confront the unexpected feelings that develop between them.",11.102,/pPESxHsPl5uYiJaCRwnnZbOtJV.jpg,"[{'id': 75355, 'logo_path': '/avj80RsunqwDbOS6oLp4plRE5UQ.png', 'name': 'Yale Productions', 'origin_country': 'US'}, {'id': 65649, 'logo_path': '/tXTuZTEcYYB1hIyAAwDyhZE0f7c.png', 'name': 'SSS Entertainment', 'origin_country': 'US'}, {'id': 153802, 'logo_path': None, 'name': 'The Forest Road Company', 'origin_country': 'US'}, {'id': 96310, 'logo_path': '/tBxSNuzARadiaBpIJ3qmdPG5BCz.png', 'name': 'LB Entertainment', 'origin_country': 'US'}, {'id': 88606, 'logo_path': '/9NKtkn1QfC6cqXB107nGox1rgqt.png', 'name': 'Vertical Entertainment', 'origin_country': 'US'}, {'id': 202995, 'logo_path': None, 'name': 'The Syndicate', 'origin_country': ''}, {'id': 194194, 'logo_path': '/jLTA40vWltAQVuWnPhaXavbH68F.png', 'name': 'Lafayette Pictures', 'origin_country': 'US'}]",United States of America,2022-07-22,0,101,English,Released,A New York lockdown lovestory.,False,4.8,39
https://www.nytimes.com/2022/07/21/movies/alone-together-review.html,"Katie Holmes writes, directs and stars in this minor-key rom-com set in 2020.",The New York Times,"subject: Movies;persons: Holmes, Katie;creative_works: Alone Together (Movie);",2022-07-21T15:37:18+0000,254,‘Alone Together’ Review: Finding Love in a Pandemic Retreat,,,Alone Together,,,,By Teo Bugbee,,Alone Together,False,,,0,"['Thriller', 'Horror']",,1190400,tt29247236,['US'],en,Alone Together,"Nassdja, a woman trapped in a toxic relationship, finds herself locked down amid a raging pandemic with her brutish boyfriend Luke. With the hope of healing their relationship, they flee to the relative safety of Luke’s remote family cabin. However, it soon becomes clear they’re not alone, as Nas is plagued by intense, psychedelic visions and Luke is affected by the malevolent spirit that stems from his traumatic past and haunts the cabin. As the supernatural entity tightens its grip, Nas must decide whether to flee or stay and fight to the bloody end.",1.546,/kCAhIJccGyD4d0qjtl6mjyPFUIP.jpg,[],,2023-10-13,0,93,English,Released,"Sow Evil, Reap Evil",False,0.0,0
https://www.nytimes.com/2022/07/21/movies/alone-together-review.html,"Katie Holmes writes, directs and stars in this minor-key rom-com set in 2020.",The New York Times,"subject: Movies;persons: Holmes, Katie;creative_works: Alone Together (Movie);",2022-07-21T15:37:18+0000,254,‘Alone Together’ Review: Finding Love in a Pandemic Retreat,,,Alone Together,,,,By Teo Bugbee,,Alone Together,False,,,0,"['Comedy', 'Romance']",,1169209,,['US'],en,Alone Together,"Alone Together is a story about the beauty of friendship and the complexity of becoming vulnerable to another person. It follows Jo and Ross, two very different people with one thing in common: they don't want to feel alone anymore. The two attempt to make the most of their last adolescent summer, debunking teenage myths and experiencing life's hardships along the way.",0.6,/11ZSndNcTgticLEfbZUMKqzgkp7.jpg,[],,2023-08-24,0,91,,Released,"'Alone, Together' is a story of two 18 year olds who spend their last adolescent summer together, scared of the possibility of being alone.",False,0.0,0
https://www.nytimes.com/2022/07/21/movies/alone-together-review.html,"Katie Holmes writes, directs and stars in this minor-key rom-com set in 2020.",The New York Times,"subject: Movies;persons: Holmes, Katie;creative_works: Alone Together (Movie);",2022-07-21T15:37:18+0000,254,‘Alone Together’ Review: Finding Love in a Pandemic Retreat,,,Alone Together,,,,By Teo Bugbee,,Alone Together,False,,,0,['Comedy'],,358360,tt4181166,['US'],en,Alone Together,"Alone Together is a comedy featuring two young comics, Esther, a girl from the Midwest, and Benji, a brat from Beverly Hills, who find common ground in their troubled love lives and being generally intolerable. It's Ugly Betty meets Curb Your Enthusiasm.",2.044,,[],United States of America,2015-08-24,0,20,English,Released,,False,8.5,2
https://www.nytimes.com/2022/07/21/movies/alone-together-review.html,"Katie Holmes writes, directs and stars in this minor-key rom-com set in 2020.",The New York Times,"subject: Movies;persons: Holmes, Katie;creative_works: Alone Together (Movie);",2022-07-21T15:37:18+0000,254,‘Alone Together’ Review: Finding Love in a Pandemic Retreat,,,Alone Together,,,,By Teo Bugbee,,Alone Together,False,,,0,['Documentary'],,1049062,,"['CA', 'GB']",en,Alone Together,Widespread loneliness has become the scourge of the modern age. Could increasingly realistic artificial intelligence offer a solution?,1.384,,[],,2022-09-27,0,10,,Released,,False,0.0,0
https://www.nytimes.com/2022/07/21/movies/alone-together-review.html,"Katie Holmes writes, directs and stars in this minor-key rom-com set in 2020.",The New York Times,"subject: Movies;persons: Holmes, Katie;creative_works: Alone Together (Movie);",2022-07-21T15:37:18+0000,254,‘Alone Together’ Review: Finding Love in a Pandemic Retreat,,,Alone Together,,,,By Teo Bugbee,,Alone Together,False,/oQ4ILVc1EiSH3OLwJi4HiJ7mxQu.jpg,,0,"['Horror', 'Drama']",https://filmfreeway.com/AloneTogetherMovie,1042555,tt10753760,['US'],en,Alone Together,"When an evil presence enters her home, a young girl must confront the dark past of her relationship and her faith.",1.4,/62vPKGGTA2fxirPL9fwZvh9zsr5.jpg,"[{'id': 185241, 'logo_path': None, 'name': 'Sofa Cinemas', 'origin_country': ''}]",United Kingdom,2021-01-23,0,88,English,Released,Some sins never die.,False,6.0,1
https://www.nytimes.com/2022/07/21/movies/alone-together-review.html,"Katie Holmes writes, directs and stars in this minor-key rom-com set in 2020.",The New York Times,"subject: Movies;persons: Holmes, Katie;creative_works: Alone Together (Movie);",2022-07-21T15:37:18+0000,254,‘Alone Together’ Review: Finding Love in a Pandemic Retreat,,,Alone Together,,,,By Teo Bugbee,,Alone Together,False,/dO8D4gR4EzbQeiLNzZrOMOdRr82.jpg,,0,[],,762285,tt10850862,['US'],en,Alone Together,A teenage girl faces her troubling past of sexual abuse the only way she can think of -- by joining the boy's wrestling team.,0.6,/vBwfaEyLS1Sirh3WsdBprgRDJzq.jpg,[],,2019-10-01,0,22,,Released,,False,0.0,0
https://www.nytimes.com/2022/07/21/movies/alone-together-review.html,"Katie Holmes writes, directs and stars in this minor-key rom-com set in 2020.",The New York Times,"subject: Movies;persons: Holmes, Katie;creative_works: Alone Together (Movie);",2022-07-21T15:37:18+0000,254,‘Alone Together’ Review: Finding Love in a Pandemic Retreat,,,Alone Together,,,,By Teo Bugbee,,Alone Together,False,,,0,"['Romance', 'Comedy']",,911799,,['GB'],en,Alone Together,Two commuters separated by the tracks develop a thing for each other before finally meeting at a bizarre support group where they finally get a chance to talk.,0.6,/dLn3Mltek5BhgVuViSBnxT7H6TC.jpg,[],United Kingdom,2021-12-04,0,12,English,Released,,False,0.0,0
https://www.nytimes.com/2022/07/21/movies/alone-together-review.html,"Katie Holmes writes, directs and stars in this minor-key rom-com set in 2020.",The New York Times,"subject: Movies;persons: Holmes, Katie;creative_works: Alone Together (Movie);",2022-07-21T15:37:18+0000,254,‘Alone Together’ Review: Finding Love in a Pandemic Retreat,,,Alone Together,,,,By Teo Bugbee,,Alone Together,False,,,0,"['Romance', 'Comedy', 'Drama']",,763844,tt8143786,['US'],en,Alone Together,Two girls are chatting. They have been friends for a long time. But something is happening...,1.986,/d9CzL0RDfaogewGtiPO46msO9s8.jpg,[],,2017-02-28,0,9,English,Released,,False,0.0,0
https://www.nytimes.com/2022/07/21/movies/alone-together-review.html,"Katie Holmes writes, directs and stars in this minor-key rom-com set in 2020.",The New York Times,"subject: Movies;persons: Holmes, Katie;creative_works: Alone Together (Movie);",2022-07-21T15:37:18+0000,254,‘Alone Together’ Review: Finding Love in a Pandemic Retreat,,,Alone Together,,,,By Teo Bugbee,,Alone Together,False,,,0,[],,645852,tt8377070,['US'],en,Alone Together,"A college freshman tries to win back his ex-girlfriend, Calamity, despite the best efforts of his lesbian roommate.",0.6,/6Se1CFODO9a3onwk0hsmCMzY56M.jpg,[],,2019-10-31,0,73,,Released,,False,0.0,0
https://www.nytimes.com/2022/07/21/movies/alone-together-review.html,"Katie Holmes writes, directs and stars in this minor-key rom-com set in 2020.",The New York Times,"subject: Movies;persons: Holmes, Katie;creative_works: Alone Together (Movie);",2022-07-21T15:37:18+0000,254,‘Alone Together’ Review: Finding Love in a Pandemic Retreat,,,Alone Together,,,,By Teo Bugbee,,Alone Together,False,,,0,[],,825640,tt1028521,['US'],en,Alone Together,A bitter sweet one night stand between a Romantique Italian student and an Argentinean waitress.,1.461,/cEQCM4yiaFxv1zUTbUnykfEqen7.jpg,[],,2005-01-28,0,15,,Released,It's LAVAZZA sweetheart!,False,0.0,0
https://www.nytimes.com/2022/07/21/movies/alone-together-review.html,"Katie Holmes writes, directs and stars in this minor-key rom-com set in 2020.",The New York Times,"subject: Movies;persons: Holmes, Katie;creative_works: Alone Together (Movie);",2022-07-21T15:37:18+0000,254,‘Alone Together’ Review: Finding Love in a Pandemic Retreat,,,Alone Together,,,,By Teo Bugbee,,Alone Together,False,,,0,"['Documentary', 'Animation']",,807074,,['US'],en,Alone Together,How one doctor’s family is navigating COVID-19,0.6,/kcAXDsxew5ami1r5M8HC2gTYxL2.jpg,[],,2021-03-12,0,3,,Released,"by StoryCorps, comes COVID",False,0.0,0
https://www.nytimes.com/2022/07/21/movies/alone-together-review.html,"Katie Holmes writes, directs and stars in this minor-key rom-com set in 2020.",The New York Times,"subject: Movies;persons: Holmes, Katie;creative_works: Alone Together (Movie);",2022-07-21T15:37:18+0000,254,‘Alone Together’ Review: Finding Love in a Pandemic Retreat,,,Alone Together,,,,By Teo Bugbee,,Alone Together,False,,,100,['Drama'],,542770,,['US'],en,Alone Together,"Ian Adams, a young physics professor, is struggling to maintain control of his sanity after a soul-crushing breakup with his girlfriend Catelyn Magdeline. As Ian tries to continue with his work, he finds it difficult to put his past behind him.",1.4,/qP4AGFPWZthLzVqT7x0pp1aafsS.jpg,"[{'id': 107815, 'logo_path': None, 'name': 'Five Tribes Cinema Productions', 'origin_country': ''}]",United States of America,2018-07-03,0,8,English,Released,,False,0.0,0
https://www.nytimes.com/2022/07/21/movies/alone-together-review.html,"Katie Holmes writes, directs and stars in this minor-key rom-com set in 2020.",The New York Times,"subject: Movies;persons: Holmes, Katie;creative_works: Alone Together (Movie);",2022-07-21T15:37:18+0000,254,‘Alone Together’ Review: Finding Love in a Pandemic Retreat,,,Alone Together,,,,By Teo Bugbee,,Alone Together,False,,,0,['Drama'],,533458,tt6564754,['KR'],ko,가까이,"Ju-won, a personal assistant for people with disabilities, steals the guide dog from her visually impaired employer, Kyung-min, to pay off her boyfriend's debt.",0.834,/yRxsmg23FFFNxZfJNr4sqkXBL4b.jpg,[],South Korea,2017-10-28,0,28,Korean,Released,,False,0.0,0
https://www.nytimes.com/2022/07/21/movies/alone-together-review.html,"Katie Holmes writes, directs and stars in this minor-key rom-com set in 2020.",The New York Times,"subject: Movies;persons: Holmes, Katie;creative_works: Alone Together (Movie);",2022-07-21T15:37:18+0000,254,‘Alone Together’ Review: Finding Love in a Pandemic Retreat,,,Alone Together,,,,By Teo Bugbee,,Alone Together,False,/zda39ULI6b5i5nVnDAbvgfONRaK.jpg,,0,['Documentary'],,1106573,tt27443884,['JP'],ja,東京組曲2020,"A state of emergency was declared for the first time under the Law Concerning Special Measures against COVID-19, on April 7th, in Japan. It has changed everyone’s life. The film is based on the actual experience of the film director, Mishima Yukiko on April 22nd, 2020, and was filmed by 20 actors.",1.527,/59ZZNEf9Smu8eA9Ie1nJzSUIGHb.jpg,[],Japan,2023-05-13,0,96,Japanese,Released,,False,0.0,0
https://www.nytimes.com/2022/07/21/movies/alone-together-review.html,"Katie Holmes writes, directs and stars in this minor-key rom-com set in 2020.",The New York Times,"subject: Movies;persons: Holmes, Katie;creative_works: Alone Together (Movie);",2022-07-21T15:37:18+0000,254,‘Alone Together’ Review: Finding Love in a Pandemic Retreat,,,Alone Together,,,,By Teo Bugbee,,Alone Together,False,,,0,['Drama'],,1171958,,['PE'],es,Compartespacios,"Isabel finds relief from her intense anxiety and shyness by moving in with Paula, her best friend. However, the dynamic shifts when Paula starts a romantic relationship, and Isabel's connection with her partner triggers an unexpected emotional twist.",0.84,/rBNuA2eQ1IMhmG2BnpVWJGhlhH2.jpg,"[{'id': 207463, 'logo_path': None, 'name': 'YURAQYANA', 'origin_country': ''}]",Peru,2023-10-11,0,75,Spanish,Released,,False,0.0,0
https://www.nytimes.com/2022/07/21/movies/alone-together-review.html,"Katie Holmes writes, directs and stars in this minor-key rom-com set in 2020.",The New York Times,"subject: Movies;persons: Holmes, Katie;creative_works: Alone Together (Movie);",2022-07-21T15:37:18+0000,254,‘Alone Together’ Review: Finding Love in a Pandemic Retreat,,,Alone Together,,,,By Teo Bugbee,,Alone Together,False,/12w2rjTPMXzGHskklKlmRiEmuaP.jpg,,0,['Documentary'],https://go2films.com/films/alone-together/,762820,,['IL'],he,ביחד לבד,"Ravit spends all of her time spreading her love wherever it is needed. During the day she cooks for hundreds of Tel Aviv's homeless. In the evenings she hugs abandoned babies in the birthing ward. Without human touch and the warmth of a hug, the abandoned babies won't develop properly and can even die. Ravit always wanted children of her own, but life dictated otherwise. As she turns 50, she decides that she too wants to be on love's receiving end, but that may prove to be a lot harder to find.",0.6,/i3nVcLOWC1j8XQGU5tKq0EV8ae.jpg,[],Israel,2019-05-30,0,54,Hebrew,Released,,False,6.0,2
https://www.nytimes.com/2022/07/21/movies/alone-together-review.html,"Katie Holmes writes, directs and stars in this minor-key rom-com set in 2020.",The New York Times,"subject: Movies;persons: Holmes, Katie;creative_works: Alone Together (Movie);",2022-07-21T15:37:18+0000,254,‘Alone Together’ Review: Finding Love in a Pandemic Retreat,,,Alone Together,,,,By Teo Bugbee,,Alone Together,False,,,0,['Drama'],,1013073,tt16987762,['RS'],sr,Sami zajedno,"Returning home to Belgrade, under the strange circumstances, two strangers must share a hotel room for one night.",2.288,/31WcoXopj2pdnyMxl2VMjSksX6U.jpg,"[{'id': 133479, 'logo_path': None, 'name': 'Akademija Umetnosti Beograd', 'origin_country': 'RS'}]",Serbia,2021-08-10,0,21,Serbian,Released,,False,0.0,0
https://www.nytimes.com/2022/07/21/movies/art-of-love-review.html,"A disillusioned college professor develops a relationship with a young Chinese woman, in a familiar and worn-out narrative.",The New York Times,"subject: Movies;creative_works: Art of Love (Movie);persons: Kaplan, Betty (Film Director);",2022-07-21T13:21:43+0000,354,‘Art of Love’ Review: An Erotic Male Fantasy in Puerto Rico,,,Art of Love,,,,By Concepción de León,,Art of Love,False,/9JNsAIFMu4o37AgnU1JVtR6AWsK.jpg,,0,"['Romance', 'Action', 'Drama']",https://www.netflix.com/title/81689799,1248795,tt28355490,['TR'],tr,Romantik Hırsız,"After learning that the art thief she has been chasing is her ex-lover, an officer working for Interpol concocts a plan to catch him red-handed.",133.731,/niVtvS9Kf8G1VDPSqurqHkaSSwm.jpg,[],Turkey,2024-03-13,0,99,Turkish,Released,,False,6.573,96
https://www.nytimes.com/2022/07/21/movies/art-of-love-review.html,"A disillusioned college professor develops a relationship with a young Chinese woman, in a familiar and worn-out narrative.",The New York Times,"subject: Movies;creative_works: Art of Love (Movie);persons: Kaplan, Betty (Film Director);",2022-07-21T13:21:43+0000,354,‘Art of Love’ Review: An Erotic Male Fantasy in Puerto Rico,,,Art of Love,,,,By Concepción de León,,Art of Love,False,/8vjqf6CsLVxi0C2rzz67Ro2pejT.jpg,,0,"['Drama', 'Romance']",,892120,tt5280052,['ES'],es,Simone,"A mysterious, erotic and haunting love story between a writer/professor at Puerto Rico's leading University and an aspiring artist from the immigrant Chinese community.",7.99,/kcoSySNTUfIPkMwxfQsDIIoQ7zm.jpg,"[{'id': 194173, 'logo_path': None, 'name': 'Cine Condado Entertainment', 'origin_country': 'PR'}]",Puerto Rico,2021-10-14,0,116,"English, Spanish",Released,,False,3.0,7
https://www.nytimes.com/2022/07/21/movies/art-of-love-review.html,"A disillusioned college professor develops a relationship with a young Chinese woman, in a familiar and worn-out narrative.",The New York Times,"subject: Movies;creative_works: Art of Love (Movie);persons: Kaplan, Betty (Film Director);",2022-07-21T13:21:43+0000,354,‘Art of Love’ Review: An Erotic Male Fantasy in Puerto Rico,,,Art of Love,,,,By Concepción de León,,Art of Love,False,,,0,"['Action', 'Thriller']",,1249183,tt27197676,['US'],en,Art of Love,"After a government contracted hit goes wrong, the collateral damage causes Lucas Alba to retire working for the company. He may be done, but his past quickly catches up with him and the consequences put the life of his and anyone close to him in Jeopardy.",1.615,/akgoE7v2buv5dlUHNIV6hTbNIx6.jpg,[],,2024-02-13,0,97,English,Released,Eventually the past catches up with you.,False,0.0,0
https://www.nytimes.com/2022/07/21/movies/art-of-love-review.html,"A disillusioned college professor develops a relationship with a young Chinese woman, in a familiar and worn-out narrative.",The New York Times,"subject: Movies;creative_works: Art of Love (Movie);persons: Kaplan, Betty (Film Director);",2022-07-21T13:21:43+0000,354,‘Art of Love’ Review: An Erotic Male Fantasy in Puerto Rico,,,Art of Love,,,,By Concepción de León,,Art of Love,False,,,0,"['Drama', 'Comedy']",,667730,tt0018656,['DE'],de,Prinzessin Olala,,3.69,/7AfJbnouNS0lVB8tXZEl3NjWS60.jpg,[],Germany,1928-09-05,0,116,,Released,,False,0.0,0
https://www.nytimes.com/2022/07/21/movies/the-wheel-review.html,"In this marriage drama, a young couple heads to the countryside to break out of a toxic cycle.",The New York Times,"subject: Movies;creative_works: The Wheel (Movie);persons: Pink, Steve;",2022-07-21T11:00:08+0000,287,‘The Wheel’ Review: Songs of Love and Hate,,,The Wheel,,,,By Nicolas Rapold,,The Wheel,False,/1pjHX8dUAqxeJtVhOnGbUxGZHI9.jpg,,0,"['Animation', 'Fantasy', 'Horror']",https://www.lanoriafilm.com/,561147,tt8804104,['ES'],es,The Wheel,A young boy who loves to draw and build ferris wheels encounters strange creatures that turn his life upside down.,5.903,/c8p4qvzMDEHIEYB2YrABPaJH9CM.jpg,"[{'id': 111174, 'logo_path': None, 'name': 'Nightwheel Pictures', 'origin_country': ''}]",Spain,2018-09-04,0,13,Spanish,Released,,False,7.396,24
https://www.nytimes.com/2022/07/21/movies/the-wheel-review.html,"In this marriage drama, a young couple heads to the countryside to break out of a toxic cycle.",The New York Times,"subject: Movies;creative_works: The Wheel (Movie);persons: Pink, Steve;",2022-07-21T11:00:08+0000,287,‘The Wheel’ Review: Songs of Love and Hate,,,The Wheel,,,,By Nicolas Rapold,,The Wheel,False,/f6UF7GaYqGNwud0Mo3nAD8dTxgv.jpg,,0,['Drama'],,824480,tt14063186,['US'],en,The Wheel,"Albee and Walker, a young couple on the brink of divorce, rent a mountain getaway to save their fledgling marriage. Before long, their personal drama creates tension between their newly engaged AirBnB hosts -- Ben & Carly — leaving us to wonder if either couples’ relationships will survive the weekend.",6.319,/mOccoLIEv784KxgJG2qQjIfrKON.jpg,"[{'id': 160032, 'logo_path': None, 'name': 'Eastern Blocc', 'origin_country': ''}, {'id': 160033, 'logo_path': None, 'name': 'Hurley/Pickle Productions', 'origin_country': ''}]",United States of America,2022-07-22,0,83,English,Released,,False,5.1,7
https://www.nytimes.com/2022/07/21/movies/the-wheel-review.html,"In this marriage drama, a young couple heads to the countryside to break out of a toxic cycle.",The New York Times,"subject: Movies;creative_works: The Wheel (Movie);persons: Pink, Steve;",2022-07-21T11:00:08+0000,287,‘The Wheel’ Review: Songs of Love and Hate,,,The Wheel,,,,By Nicolas Rapold,,The Wheel,False,,,0,['Horror'],https://vimeo.com/427579189,801244,tt14098692,['US'],en,The Wheel,"A woman receives an antique toy Ferris wheel from her husband to sell in their shop. However, once nightfall hits, the wheel is not as innocent as it seems – bringing an entity into her world with sinister intentions.",3.328,/ncbluMTmDLIFKZAirCW8RZ7QHY2.jpg,[],United States of America,2021-02-15,0,15,English,Released,,False,8.0,2
https://www.nytimes.com/2022/07/21/movies/the-wheel-review.html,"In this marriage drama, a young couple heads to the countryside to break out of a toxic cycle.",The New York Times,"subject: Movies;creative_works: The Wheel (Movie);persons: Pink, Steve;",2022-07-21T11:00:08+0000,287,‘The Wheel’ Review: Songs of Love and Hate,,,The Wheel,,,,By Nicolas Rapold,,The Wheel,False,,,0,['Fantasy'],https://www.facebook.com/pages/The-Wheel/189966064405253,219270,tt2050660,['US'],en,The Wheel,"A visually imaginative tale of a dutiful young man, fated to maintain the balance of the world – and his mischievous sister, determined to test the balance.",1.123,/jmxSEgfLqq0OeUZT43oQxfQ0Sa3.jpg,[],United States of America,2011-09-29,0,16,English,Released,,False,6.0,1
https://www.nytimes.com/2022/07/21/movies/the-wheel-review.html,"In this marriage drama, a young couple heads to the countryside to break out of a toxic cycle.",The New York Times,"subject: Movies;creative_works: The Wheel (Movie);persons: Pink, Steve;",2022-07-21T11:00:08+0000,287,‘The Wheel’ Review: Songs of Love and Hate,,,The Wheel,,,,By Nicolas Rapold,,The Wheel,False,,,0,['Horror'],,808351,,['US'],en,The Wheel,"After being kidnapped, Emma is thrown into a mysterious hunting ground where spinning a wheel has decided her fate.",0.6,,[],,,0,13,English,Released,,False,0.0,0
https://www.nytimes.com/2022/07/21/movies/the-wheel-review.html,"In this marriage drama, a young couple heads to the countryside to break out of a toxic cycle.",The New York Times,"subject: Movies;creative_works: The Wheel (Movie);persons: Pink, Steve;",2022-07-21T11:00:08+0000,287,‘The Wheel’ Review: Songs of Love and Hate,,,The Wheel,,,,By Nicolas Rapold,,The Wheel,False,,,0,['Horror'],,791908,,['TH'],th,The Wheel,A performer finds a trunk full of puppets which he decides to use for his show. But he slowly begins to suspect that the puppets are cursed.,3.18,/7fxa7U9q6iOiVs8XEzlaFm0nRuh.jpg,"[{'id': 4207, 'logo_path': '/v5BSFwIXQmZEO16bClILNrbv4Kl.png', 'name': 'Sahamongkolfilm', 'origin_country': 'TH'}]",Thailand,2002-05-01,0,41,Thai,Released,The Second Chapter of “Three”,False,3.0,1
https://www.nytimes.com/2022/07/21/movies/the-wheel-review.html,"In this marriage drama, a young couple heads to the countryside to break out of a toxic cycle.",The New York Times,"subject: Movies;creative_works: The Wheel (Movie);persons: Pink, Steve;",2022-07-21T11:00:08+0000,287,‘The Wheel’ Review: Songs of Love and Hate,,,The Wheel,,,,By Nicolas Rapold,,The Wheel,False,,,0,[],,873954,tt8582232,['US'],en,The Wheel,"Two lovers meet in a motel room for a tryst. Clay pretends to hunt down Rose with a gun in a playful, frisky way, but then they get to talking, as lovers do, about their near-death experiences. Clay talks about being stepped on by a horse, which put him in a hospital for weeks as he struggled to stay alive.  But Rose tells a story about her car breaking down on the deserted highway and being picked up by a man who is a murderer. Her only hope is creating some kind of connection with her potential killer, but that decision has its perils and unexpected consequences",2.744,/vqtB6kZPRWzvsp12LIfC0KasHtC.jpg,[],,2018-06-01,0,14,,Released,,False,0.0,0
https://www.nytimes.com/2022/07/21/movies/the-wheel-review.html,"In this marriage drama, a young couple heads to the countryside to break out of a toxic cycle.",The New York Times,"subject: Movies;creative_works: The Wheel (Movie);persons: Pink, Steve;",2022-07-21T11:00:08+0000,287,‘The Wheel’ Review: Songs of Love and Hate,,,The Wheel,,,,By Nicolas Rapold,,The Wheel,False,,,0,"['Mystery', 'Thriller']",,691600,tt4730108,['IR'],fa,The Wheel,"On an empty road, a man pulls over to give a ride to a hitchhiker holding a wheel but as the stranger approaches the car, the man gets too scared to let him in. Shortly after, while he's dining the hitchhiker gets off a truck recognizing the driver's car and comes in. The driver grabs a knife and ...",0.6,/i4e8HIE6Kd5L6Gd147oxSSuDdTg.jpg,[],Iran,2015-01-01,0,18,Persian,Released,,False,0.0,0
https://www.nytimes.com/2022/07/21/movies/the-wheel-review.html,"In this marriage drama, a young couple heads to the countryside to break out of a toxic cycle.",The New York Times,"subject: Movies;creative_works: The Wheel (Movie);persons: Pink, Steve;",2022-07-21T11:00:08+0000,287,‘The Wheel’ Review: Songs of Love and Hate,,,The Wheel,,,,By Nicolas Rapold,,The Wheel,False,,,0,[],,1244422,tt6951956,['DE'],de,The Wheel,,0.84,,[],,,0,0,,Released,,False,0.0,0
https://www.nytimes.com/2022/07/07/movies/thor-love-and-thunder-review.html,"The director Taika Waititi injects antic silliness, once again, into this Marvel franchise starring Chris Hemsworth, who swings a mighty hammer and flexes mightier muscles.",The New York Times,"subject: Movies;organizations: Marvel Studios;persons: Bale, Christian;persons: Crowe, Russell;persons: Hemsworth, Chris;persons: Waititi, Taika;persons: Thompson, Tessa;persons: Portman, Natalie;",2022-07-07T18:26:10+0000,942,‘Thor: Love and Thunder’ Review: A God’s Comic Twilight,,,"He’s Still a Norse God, But Also a Big Old Goof",,,,By Manohla Dargis,,Thor: Love and Thunder,False,/jsoz1HlxczSuTx0mDl2h0lxy36l.jpg,"{'id': 131296, 'name': 'Thor Collection', 'poster_path': '/yw7gr7DhHHVTLlO8Se8uH17TDMA.jpg', 'backdrop_path': '/3KL8UNKFWgIKXzLHjwY0uwgjzYl.jpg'}",250000000,"['Fantasy', 'Action', 'Comedy']",https://www.marvel.com/movies/thor-love-and-thunder,616037,tt10648342,['US'],en,Thor: Love and Thunder,"After his retirement is interrupted by Gorr the God Butcher, a galactic killer who seeks the extinction of the gods, Thor Odinson enlists the help of King Valkyrie, Korg, and ex-girlfriend Jane Foster, who now wields Mjolnir as the Mighty Thor. Together they embark upon a harrowing cosmic adventure to uncover the mystery of the God Butcher’s vengeance and stop him before it’s too late.",160.742,/pIkRyD18kl4FhoCNQuWxWu5cBLM.jpg,"[{'id': 420, 'logo_path': '/hUzeosd33nzE5MCNsZxCGEKTXaQ.png', 'name': 'Marvel Studios', 'origin_country': 'US'}, {'id': 176762, 'logo_path': None, 'name': 'Kevin Feige Productions', 'origin_country': 'US'}]",United States of America,2022-07-06,760900000,119,English,Released,The one is not the only.,False,6.471,7114
https://www.nytimes.com/2022/07/07/movies/both-sides-of-the-blade-review.html,"In the latest film from Claire Denis, Juliette Binoche plays a Parisian radio journalist in a romantic quandary.",The New York Times,"subject: Movies;persons: Denis, Claire;persons: Binoche, Juliette;persons: Lindon, Vincent;creative_works: Both Sides of the Blade (Movie);",2022-07-07T11:00:07+0000,649,‘Both Sides of the Blade’ Review: Who Do You Love?,,,A Bliss Doomed To Be Doused,,,,By A.O. Scott,,Both Sides of the Blade,False,/4g5kaH8gfujIS93gTzFLMeDN99R.jpg,,0,"['Drama', 'Romance']",https://www.bothsidesoftheblade.com/,768757,tt13535920,['FR'],fr,Avec amour et acharnement,"Jean and Sara have been living together for 10 years. When they first met, Sara was living with François, Jean’s best friend and an admirer from back when he played rugby. Jean and Sara love each other. One day, Sara sees François in the street. He does not notice her, but she is overtaken by the sensation that her life could suddenly change. François gets back in touch with Jean. For the first time in years. He suggests they start working together again. From here on, things spiral out of control.",11.465,/w0jUcrS42AyPNgb1RwjDm0BLaZz.jpg,"[{'id': 77552, 'logo_path': '/3aeDaei9tONEGMvWm7W2TKxa1er.png', 'name': 'Curiosa Films', 'origin_country': 'FR'}]",France,2022-07-08,1747438,117,French,Released,,False,5.494,78
https://www.nytimes.com/2022/07/06/movies/fire-of-love-review.html,Sara Dosa’s new documentary chronicles the lives and deaths of the French scientists Katia and Maurice Krafft.,The New York Times,"subject: Documentary Films and Programs;subject: Volcanoes;creative_works: Fire of Love (Movie);subject: Content Type: Personal Profile;subject: Deaths (Fatalities);persons: Dosa, Sara;persons: Krafft, Maurice (1946-91);persons: Krafft, Katia (1942-91);",2022-07-06T11:00:06+0000,609,‘Fire of Love’ Review: A Volcanic Romance,critic’s pick,,A Volcanic Romance Across Continents,,,,By A.O. Scott,,Fire of Love,False,/3oRwn7WIMt4Vtw65mnydDQHthwQ.jpg,,0,['Documentary'],https://films.nationalgeographic.com/fire-of-love,913823,tt16227014,['US'],en,Fire of Love,"A doomed love triangle between intrepid French scientists Katia and Maurice Krafft, and their beloved volcanoes.",10.467,/9smEX8UP84yb2GisLwyAyQKvCWS.jpg,"[{'id': 143062, 'logo_path': None, 'name': 'Sandbox Films', 'origin_country': 'US'}, {'id': 168685, 'logo_path': '/11AfwHV7feDZ63YWwee6kcuhIgY.png', 'name': 'Cottage M', 'origin_country': 'US'}, {'id': 75749, 'logo_path': '/j5FhgdD4sSqmJ0kQAk1rDVSVrTe.png', 'name': 'Intuitive Pictures', 'origin_country': 'CA'}, {'id': 189457, 'logo_path': '/a0ruFlMfEs2pTOLZ1tPHqzDH7Fc.png', 'name': 'National Geographic Documentary Films', 'origin_country': 'US'}]","Canada, United States of America",2022-07-06,0,93,"English, French, Spanish, Portuguese",Released,The greatest lava-fueled love story ever told.,False,7.5,182
https://www.nytimes.com/2022/07/06/movies/fire-of-love-review.html,Sara Dosa’s new documentary chronicles the lives and deaths of the French scientists Katia and Maurice Krafft.,The New York Times,"subject: Documentary Films and Programs;subject: Volcanoes;creative_works: Fire of Love (Movie);subject: Content Type: Personal Profile;subject: Deaths (Fatalities);persons: Dosa, Sara;persons: Krafft, Maurice (1946-91);persons: Krafft, Katia (1942-91);",2022-07-06T11:00:06+0000,609,‘Fire of Love’ Review: A Volcanic Romance,critic’s pick,,A Volcanic Romance Across Continents,,,,By A.O. Scott,,Fire of Love,False,/z4BSGycELoP6iaksTemNGs2RjOQ.jpg,,0,['Drama'],,563346,tt0218230,"['FR', 'IT']",fr,Le feu de Dieu,"Maroîs, the fairground bon vivant, spends most of his time around a bottle of wine, in the company of his friend Michaux, with whom he was once a sailor. He neglects his wife Monique, a pretty girl much younger than himself. Suffering from this indifference, she seeks imperfect and fleeting consolation, first from Michel, their friend's son, then from Jean-Louis, a young mechanic who has helped out with Maroîs' truck and won his trusting friendship. Michel, jealous, tells the showman of his misfortune. He leaves to kill his wife's lover. The latter, wishing to separate the antagonists, seriously burns herself by knocking over an autogenous welding block, which explodes. Taken to hospital, she asks for and receives her husband's forgiveness.",0.657,/diocoNeQXV9hU2AKDDTN3Pti7Qu.jpg,"[{'id': 22672, 'logo_path': None, 'name': 'Pamec Cinematografica', 'origin_country': ''}, {'id': 10299, 'logo_path': None, 'name': 'Radius Productions', 'origin_country': 'FR'}]",France,1967-04-28,0,95,French,Released,,False,1.0,1
https://www.nytimes.com/2022/07/06/movies/fire-of-love-review.html,Sara Dosa’s new documentary chronicles the lives and deaths of the French scientists Katia and Maurice Krafft.,The New York Times,"subject: Documentary Films and Programs;subject: Volcanoes;creative_works: Fire of Love (Movie);subject: Content Type: Personal Profile;subject: Deaths (Fatalities);persons: Dosa, Sara;persons: Krafft, Maurice (1946-91);persons: Krafft, Katia (1942-91);",2022-07-06T11:00:06+0000,609,‘Fire of Love’ Review: A Volcanic Romance,critic’s pick,,A Volcanic Romance Across Continents,,,,By A.O. Scott,,Fire of Love,False,,,0,"['Crime', 'Thriller']",,721735,,['SA'],ar,نار الحب,"Said (Hasssan Youssef) was a famous and successful horse races jokey and a loving and faithful husband to his wife Dalal (Soad Hosny); He discovered that she cheats on him and so he had a dangerous heart attack, in the hospital he falls in love with his beautiful nurse Nadia (Mervat Amin), They plan together to murder his wife Dalal ro get rid of her permanently, together they committed the murder successfully, to his great shock he finds that his wife has returned!",1.4,/bQWGcGwkCbFzQoBskmumkmBI3JB.jpg,[],Egypt,1968-01-01,0,100,Arabic,Released,,False,0.0,0
